{
  "items": [
    {
      "name": "sa-east-1",
      "displayName": "South America (São Paulo)"
    },
    {
      "name": "eu-central-1",
      "displayName": "EU (Frankfurt)"
    },
    {
      "name": "ap-northeast-1",
      "displayName": "Asia Pacific (Tokyo)"
    },
    {
      "name": "ap-east-1",
      "displayName": "Asia Pacific (Hong Kong)"
    },
    {
      "name": "eu-west-1",
      "displayName": "EU (Ireland)"
    },
    {
      "name": "eu-south-2",
      "displayName": "EU (Spain)"
    },
    {
      "name": "eu-north-1",
      "displayName": "EU (Stockholm)"
    },
    {
      "name": "eu-west-3",
      "displayName": "EU (Paris)"
    },
    {
      "name": "ap-northeast-2",
      "displayName": "Asia Pacific (Seoul)"
    },
    {
      "name": "us-east-1",
      "displayName": "US East(N. Virginia)"
    },
    {
      "name": "us-west-1",
      "displayName": "US West (N. California)"
    },
    {
      "name": "us-west-2",
      "displayName": "US West (Oregon)"
    },
    {
      "name": "ap-southeast-1",
      "displayName": "Asia Pacific (Singapore)"
    },
    {
      "name": "ap-southeast-2",
      "displayName": "Asia Pacific (Sydney)"
    },
    {
      "name": "ap-southeast-3",
      "displayName": "Asia Pacific (Jakarta)"
    },
    {
      "name": "ap-south-1",
      "displayName": "Asia Pacific (Mumbai)"
    },
    {
      "name": "eu-west-2",
      "displayName": "EU (London)"
    },
    {
      "name": "ca-central-1",
      "displayName": "Canada (Central)"
    },
    {
      "name": "us-east-2",
      "displayName": "US East (Ohio)"
    },
    {
      "name": "us-gov-west-1",
      "displayName": "GovCloud (US)"
    },
    {
      "name": "af-south-1",
      "displayName": "Africa (Cape Town)"
    },
    {
      "name": "eu-south-1",
      "displayName": "EU (Milan)"
    },
    {
      "name": "me-south-1",
      "displayName": "Middle East (Bahrain)"
    },
    {
      "name": "me-central-1",
      "displayName": "Middle East (UAE)"
    },
    {
      "name": "us-gov-east-1",
      "displayName": "AWS GovCloud (US-East)"
    },
    {
      "name": "us-gov-west-1",
      "displayName": "AWS GovCloud (US-West)"
    },
    {
      "name": "il-central-1",
      "displayName": "Israel (Tel Aviv)"
    }
  ]
}
